,Zone
East Harlem North,50227
East Harlem South,47407
Central Harlem,45218
Astoria,39139
Elmhurst,35403
Morningside Heights,31368
Central Harlem North,26343
Park Slope,25766
Fort Greene,24609
Williamsburg (North Side),22868
Forest Hills,22298
Downtown Brooklyn/MetroTech,21803
Brooklyn Heights,21751
Jackson Heights,21632
Boerum Hill,21019
Washington Heights South,19623
Woodside,17351
Steinway,17007
DUMBO/Vinegar Hill,14680
Hamilton Heights,11689
Jamaica,11553
Clinton Hill,10484
Long Island City/Hunters Point,9888
Central Park,8497
Sunnyside,8476
Cobble Hill,8228
Crown Heights North,8125
Greenpoint,8008
Williamsburg (South Side),7718
Bedford,6869
Kew Gardens,6851
Rego Park,6834
Old Astoria,6443
Manhattanville,5847
Flushing,5831
Carroll Gardens,5758
East Williamsburg,4996
Washington Heights North,4582
Elmhurst/Maspeth,4514
Long Island City/Queens Plaza,3284
Sheepshead Bay,3104
Stuyvesant Heights,3093
Prospect Heights,3082
Prospect-Lefferts Gardens,2993
West Concourse,2824
Bloomingdale,2518
Inwood,2502
East Concourse/Concourse Village,2459
Gowanus,2447
Bushwick North,2423
Melrose South,2412
Mott Haven/Port Morris,2363
Queensbridge/Ravenswood,2256
Flatbush/Ditmas Park,2256
Van Nest/Morris Park,2255
East New York,2215
Bushwick South,2144
Upper East Side North,2108
North Corona,1830
Coney Island,1809
Norwood,1588
Sunset Park West,1575
Soundview/Bruckner,1541
Brownsville,1536
Crown Heights South,1534
Parkchester,1426
Corona,1415
Bay Ridge,1283
Ocean Hill,1278
Flatlands,1265
Canarsie,1260
Borough Park,1238
East Flatbush/Remsen Village,1138
East Flatbush/Farragut,1119
Soundview/Castle Hill,1087
East Tremont,1037
Bedford Park,1032
Mount Hope,1022
University Heights/Morris Heights,947
Morrisania/Melrose,925
Hillcrest/Pomonok,920
Midwood,905
NV,901
Westchester Village/Unionport,900
Spuyten Duyvil/Kingsbridge,857
Madison,843
Pelham Parkway,805
Homecrest,800
Kingsbridge Heights,789
Erasmus,763
Claremont/Bathgate,751
Marine Park/Mill Basin,741
Belmont,736
Briarwood/Jamaica Hills,727
Van Cortlandt Village,716
East Elmhurst,708
Williamsbridge/Olinville,708
Red Hook,684
South Williamsburg,676
Highbridge,660
Richmond Hill,659
Bensonhurst West,624
East New York/Pennsylvania Avenue,622
Co-Op City,620
South Ozone Park,610
Brighton Beach,603
West Farms/Bronx River,581
Kensington,551
Hunts Point,540
Windsor Terrace,527
Yorkville West,523
Prospect Park,523
Longwood,484
Sunset Park East,480
Bronxdale,470
South Jamaica,469
Bensonhurst East,469
Gravesend,459
Schuylerville/Edgewater Park,451
Fordham South,444
Starrett City,421
Kew Gardens Hills,400
Allerton/Pelham Gardens,395
Columbia Street,379
Maspeth,371
Queens Village,361
Crotona Park East,357
Queensboro Hill,351
Saint Albans,345
Ridgewood,339
Eastchester,334
Baisley Park,316
Jamaica Estates,315
Bath Beach,307
Marble Hill,296
Brooklyn Navy Yard,294
Manhattan Beach,285
Glendale,268
Flushing Meadows-Corona Park,261
Ocean Parkway South,260
Cypress Hills,256
Dyker Heights,250
Woodhaven,250
Bronx Park,233
Middle Village,231
Pelham Bay,225
Woodlawn/Wakefield,221
Springfield Gardens North,220
Murray Hill-Queens,194
Riverdale/North Riverdale/Fieldston,186
Hollis,183
Saint Michaels Cemetery/Woodside,144
Auburndale,142
Bayside,141
Ozone Park,136
Bellerose,133
Hammels/Arverne,132
Inwood Hill Park,127
College Point,112
East Flushing,106
Highbridge Park,103
Springfield Gardens South,102
JFK Airport,101
Fresh Meadows,99
Howard Beach,97
LaGuardia Airport,87
Laurelton,87
Rosedale,85
Oakland Gardens,81
Whitestone,77
Pelham Bay Park,64
Cambria Heights,64
Roosevelt Island,63
Van Cortlandt Park,58
Glen Oaks,56
Douglaston,41
Forest Park/Highland Park,33
Far Rockaway,33
Bay Terrace/Fort Totten,30
Country Club,28
Green-Wood Cemetery,26
Saint George/New Brighton,26
Marine Park/Floyd Bennett Field,23
Willets Point,23
Randalls Island,19
Crotona Park,18
Yorkville East,18
Rockaway Park,14
Newark Airport,13
Astoria Park,10
West Brighton,10
Bloomfield/Emerson Hill,10
Stapleton,9
Grymes Hill/Clifton,7
Port Richmond,7
Upper West Side North,5
Arrochar/Fort Wadsworth,5
Westerleigh,5
Sutton Place/Turtle Bay North,3
South Beach/Dongan Hills,3
Lenox Hill West,2
Greenwich Village North,2
Mariners Harbor,2
Heartland Village/Todt Hill,2
Rossville/Woodrow,2
Gramercy,2
Lenox Hill East,2
Manhattan Valley,2
Midtown North,2
Lower East Side,2
Clinton East,2
Financial District North,1
East Village,1
Little Italy/NoLiTa,1
Midtown East,1
Freshkills Park,1
Great Kills,1
City Island,1
Penn Station/Madison Sq West,1
Upper East Side South,1
Kips Bay,1
West Village,1
Oakwood,1
